0,1,2,3,4,5,6,7,8,1h_min,2h_min,3h_min,4h_min,5h_min
2,2,4,0,8,1.66659e-05,0,2,"4,4,16,1,24",0,0,-1,-1,-1
2,2,4,0,9,1.41946e-05,1,2,"4,4,16,1,32",0,1,-1,-1,-1
2,2,4,0,10,1.3916e-05,2,2,"4,4,16,1,48",0,0,-1,-1,-1
2,2,4,1,11,1.351e-05,3,2,"4,4,16,2,64",0,0,-1,-1,-1
3,1,4,1,11,1.29683e-05,4,2,"8,2,16,2,64",0,1,-1,-1,-1
3,1,4,1,12,1.25958e-05,5,2,"8,2,16,2,96",0,1,-1,-1,-1
3,1,4,1,13,1.21471e-05,6,2,"8,2,16,2,128",1,1,1,1,1
