0,1,2,3,4,5,6,7,8,1h_min,2h_min,3h_min,4h_min,5h_min
5,3,3,10,3,0.0212165,0,2,"32,8,4,48,4",0,0,-1,-1,-1
5,2,1,10,3,0.000920359,1,2,"32,4,2,48,4",0,0,-1,-1,-1
5,1,1,10,4,0.000501822,2,2,"32,2,2,48,6",0,0,-1,-1,-1
5,0,1,10,5,0.000341015,3,2,"32,1,2,48,8",0,0,-1,-1,-1
5,0,1,10,6,0.000308178,4,2,"32,1,2,48,12",1,0,-1,-1,-1
5,0,0,9,6,0.00029369,5,2,"32,1,1,32,12",1,1,1,1,1
