0,1,2,3,4,5,6,7,8,1h_min,2h_min,3h_min,4h_min,5h_min
2,2,13,4,5,0.000630587,0,2,"4,4,128,6,8",0,0,-1,-1,-1
2,2,11,4,6,0.000338038,1,2,"4,4,64,6,12",0,0,-1,-1,-1
1,2,11,3,6,0.000306157,2,2,"2,4,64,4,12",1,0,-1,-1,-1
1,3,10,3,6,0.000276068,3,2,"2,8,48,4,12",0,0,-1,-1,-1
2,3,9,3,6,0.000254296,4,2,"4,8,32,4,12",0,0,-1,-1,-1
2,3,8,3,7,0.000219272,5,2,"4,8,24,4,16",0,0,-1,-1,-1
2,3,8,3,8,0.000211083,6,2,"4,8,24,4,24",0,0,-1,-1,-1
2,3,8,3,9,0.000205862,7,2,"4,8,24,4,32",1,1,0,-1,-1
2,3,7,4,10,0.000204593,8,2,"4,8,16,6,48",1,1,1,1,1
