0,1,2,3,4,5,6,7,8,1h_min,2h_min,3h_min,4h_min,5h_min
3,4,7,6,6,0.00106293,0,2,"8,16,16,12,12",0,0,-1,-1,-1
3,3,7,5,6,0.000324427,1,2,"8,8,16,8,12",0,0,-1,-1,-1
2,3,7,4,6,0.000253241,2,2,"4,8,16,6,12",0,0,-1,-1,-1
2,3,7,3,7,0.000221091,3,2,"4,8,16,4,16",0,0,-1,-1,-1
2,3,8,3,8,0.00021041,4,2,"4,8,24,4,24",0,0,-1,-1,-1
2,3,8,3,9,0.000204457,5,2,"4,8,24,4,32",1,1,0,-1,-1
2,3,7,4,10,0.000204035,6,2,"4,8,16,6,48",1,1,1,1,1
