0,1,2,3,4,5,6,7,8,1h_min,2h_min,3h_min,4h_min,5h_min
6,3,0,15,6,0.106456,0,2,"64,8,1,256,12",0,0,-1,-1,-1
6,2,0,14,6,0.0238753,1,2,"64,4,1,192,12",0,0,-1,-1,-1
6,1,0,13,6,0.00278993,2,2,"64,2,1,128,12",0,0,-1,-1,-1
6,0,0,12,6,0.000448813,3,2,"64,1,1,96,12",0,0,-1,-1,-1
5,0,0,11,6,0.000348623,4,2,"32,1,1,64,12",0,0,-1,-1,-1
5,0,0,10,7,0.000321725,5,2,"32,1,1,48,16",0,0,-1,-1,-1
5,0,0,9,6,0.000296003,6,2,"32,1,1,32,12",1,1,1,1,1
