0,1,2,3,4,5,6,7,8,1h_min,2h_min,3h_min,4h_min,5h_min
4,0,5,12,1,0.0063951,0,2,"16,1,8,96,2",0,0,-1,-1,-1
4,0,3,12,2,0.00172733,1,2,"16,1,4,96,3",0,0,-1,-1,-1
4,0,1,11,2,0.000660204,2,2,"16,1,2,64,3",0,0,-1,-1,-1
4,0,1,10,3,0.000481304,3,2,"16,1,2,48,4",0,0,-1,-1,-1
5,0,1,10,4,0.000407131,4,2,"32,1,2,48,6",0,0,-1,-1,-1
5,0,0,9,4,0.000323733,5,2,"32,1,1,32,6",0,0,-1,-1,-1
5,0,0,9,5,0.000308845,6,2,"32,1,1,32,8",0,1,-1,-1,-1
5,0,0,9,6,0.000294128,7,2,"32,1,1,32,12",1,1,1,1,1
